id,kind,chapter,start,dur,bars,term,narration
p1,orbit,序章,0.0,7.5,5,,地球绕着太阳，一年走完三百六十度。
p2,orbit,序章,7.5,6.0,4,,古人把这条路，每十五度切一刀，
p3,orbit,序章,13.5,6.0,4,,切出二十四个节点，这就是二十四节气。
title,title,,19.5,6.0,4,,
card_spring,season,卷一 · 春,25.5,3.0,2,,
t01,land,卷一 · 春,28.5,7.5,5,立春,立春。东风解冻，蛰虫始振，一岁之始。
t02,land,卷一 · 春,36.0,7.5,5,雨水,雨水。冰雪化作雨，草木萌动。
t03,land,卷一 · 春,43.5,6.0,4,惊蛰,惊蛰。春雷乍响，桃始华。
t04,orbit_term,卷一 · 春,49.5,7.5,5,春分,春分。太阳直射赤道，昼夜平分。
t05,land,卷一 · 春,57.0,6.0,4,清明,清明。气清景明，桐始华。
t06,land,卷一 · 春,63.0,7.5,5,谷雨,谷雨。雨生百谷，春天的最后一程。
card_summer,season,卷二 · 夏,70.5,3.0,2,,
t07,land,卷二 · 夏,73.5,6.0,4,立夏,立夏。万物至此，皆长大。
t08,land,卷二 · 夏,79.5,6.0,4,小满,小满。麦粒渐满，尚未全熟。
t09,land,卷二 · 夏,85.5,7.5,5,芒种,芒种。有芒的麦子收，有芒的稻子种。
t10,orbit_term,卷二 · 夏,93.0,7.5,5,夏至,夏至。太阳直射北回归线，白昼最长。
t11,land,卷二 · 夏,100.5,6.0,4,小暑,小暑。温风至，蟋蟀居壁。
t12,land,卷二 · 夏,106.5,6.0,4,大暑,大暑。腐草为萤，一年最热。
card_autumn,season,卷三 · 秋,112.5,3.0,2,,
t13,land,卷三 · 秋,115.5,6.0,4,立秋,立秋。凉风至，寒蝉鸣。
t14,land,卷三 · 秋,121.5,7.5,5,处暑,处暑。处，止也，暑气至此而止。
t15,land,卷三 · 秋,129.0,6.0,4,白露,白露。阴气渐重，露凝而白。
t16,orbit_term,卷三 · 秋,135.0,6.0,4,秋分,秋分。昼夜再次平分，雷始收声。
t17,land,卷三 · 秋,141.0,6.0,4,寒露,寒露。鸿雁来宾，菊有黄华。
t18,land,卷三 · 秋,147.0,6.0,4,霜降,霜降。气肃而凝，露结为霜。
card_winter,season,卷四 · 冬,153.0,3.0,2,,
t19,land,卷四 · 冬,156.0,6.0,4,立冬,立冬。水始冰，地始冻。
t20,land,卷四 · 冬,162.0,7.5,5,小雪,小雪。虹藏不见，天地闭塞而成冬。
t21,land,卷四 · 冬,169.5,7.5,5,大雪,大雪。大者，盛也，至此而雪盛矣。
t22,orbit_term,卷四 · 冬,177.0,6.0,4,冬至,冬至。白昼最短，阳气自此回升。
t23,land,卷四 · 冬,183.0,6.0,4,小寒,小寒。雁北乡，鹊始巢。
t24,land,卷四 · 冬,189.0,6.0,4,大寒,大寒。水泽腹坚，春天就在下一站。
e1,orbit,尾声,195.0,6.0,4,,转完一圈，又回到立春。
e2,orbit,尾声,201.0,6.0,4,,两千多年前，《淮南子》已把它们一一写下。
e3,orbit,尾声,207.0,7.5,5,,二〇一六年，二十四节气列入人类非物质文化遗产。
e4,orbit,尾声,214.5,7.5,5,,太阳每走十五度，大地就换一种表情。
end,end,,222.0,6.0,4,,
